Dataset,ROI,Analysis,p_value,R,SE,Empirical_p_value,Avg_R,pFDR
UKBB_FACES,lVisCent_ExStr_1,allcov,1.795037069966621e-6,0.006154376250769533,0.9969180627058715,0,-4.865090526804542e-6,2.67915980592033e-6
UKBB_FACES,lVisCent_ExStr_2,allcov,2.419741075654561e-6,0.006019504781130114,0.9969857046211191,0,1.0978893698084804e-6,3.506871124137045e-6
UKBB_FACES,lVisCent_Striate_1,allcov,0.020593209201539505,0.0017320574468043803,0.9991335959486054,0.019,-1.5235787975608143e-5,0.020801221415696472
UKBB_FACES,lVisCent_ExStr_3,allcov,1.2467502181830783e-5,0.005274537026901616,0.9973592446922522,0,8.41835921490804e-6,1.684797592139295e-5
UKBB_FACES,lVisPeri_ExStrInf_1,allcov,1.7025931900399248e-6,0.006178230871925594,0.9969060984506399,0,-1.2001736613624226e-5,2.6187155161630293e-6
UKBB_FACES,lVisPeri_StriCal_1,allcov,7.455177854487085e-7,0.006549912621146126,0.9967196633852751,0,8.240643655068996e-6,1.2635894668622179e-6
UKBB_FACES,lVisPeri_ExStrSup_1,allcov,0.005085811979372987,0.002437912104372053,0.9987803001139077,0.0044,3.058272840205191e-7,0.005297720811846862
UKBB_FACES,lSomMotA_1,allcov,6.089326044607942e-13,0.012691621762972227,0.9936339256673099,0,-1.2027040119003922e-5,6.089326044607942e-12
UKBB_FACES,lSomMotA_2,allcov,1.1041320839260958e-6,0.006373361436121661,0.9968082255699324,0,6.677376872457191e-6,1.7808581998807995e-06
UKBB_FACES,lSomMotB_Aud_1,allcov,3.454703994574896e-9,0.008935368702549074,0.9955222907084764,0,-1.572452968173267e-5,1.0209374431692582e-8
UKBB_FACES,lSomMotB_S2_1,allcov,9.096774453561516e-7,0.00646049477416577,0.9967645184424634,0,-4.933512060956843e-6,1.516129075593586e-6
UKBB_FACES,lSomMotB_S2_2,allcov,3.6903329325890623e-16,0.01586157743096117,0.9920375106663221,0,-1.160859556370925e-5,1.8451664662945313e-14
UKBB_FACES,lSomMotB_Cent_1,allcov,5.896865085736439e-10,0.009710254859942813,0.9951330288660195,0,4.6065727594309585e-06,2.484087340392523e-9
UKBB_FACES,lDorsAttnA_TempOcc_1,allcov,1.3174550716246e-7,0.007324975712761916,0.9963307805579635,0,3.6234800087666262e-6,2.485764286084151e-7
UKBB_FACES,lDorsAttnA_ParOcc_1,allcov,5.62775505429192e-4,0.00350320120807579,0.9982468626506784,2e-4,6.624123381061875e-6,6.32332028572126e-4
UKBB_FACES,lDorsAttnA_SPL_1,allcov,1.1030133194147766e-7,0.007404074829383989,0.9962910845584315,0,-9.178191443448002e-7,2.2060266388295533e-7
UKBB_FACES,lDorsAttnB_PostC_1,allcov,1.9701607599529576e-9,0.009181973027784007,0.995398426245599,0,9.027493590766618e-6,6.427768205141824e-9
UKBB_FACES,lDorsAttnB_PostC_2,allcov,1.0969174559200251e-9,0.009438667025528091,0.9952694775659885,0,2.606783397068365e-6,4.062657244148241e-9
UKBB_FACES,lDorsAttnB_PostC_3,allcov,1.2274743714673992e-5,0.005281656738682194,0.9973556754043743,2e-4,2.1248956573699137e-6,1.681471741736163e-5
UKBB_FACES,lDorsAttnB_FEF_1,allcov,3.034811937986191e-8,0.007976916614278795,0.9960035559101797,0,1.4729743699167574e-5,6.897299859059526e-8
UKBB_FACES,lSalVentAttnA_ParOper_1,allcov,1.1215610939948485e-8,0.008416864726544238,0.995782674720471,0,8.276959794100844e-6,2.8039027349871213e-8
UKBB_FACES,lSalVentAttnA_Ins_1,allcov,1.3321579257744169e-10,0.010359342980010733,0.9948068440757681,0,1.4559177849107851e-5,7.836223092790688e-10
UKBB_FACES,lSalVentAttnA_Ins_2,allcov,5.996805008162249e-13,0.012698212888862415,0.9936306089846165,0,-1.928794092847144e-5,6.089326044607942e-12
UKBB_FACES,lSalVentAttnA_ParMed_1,allcov,9.720506914978613e-6,0.005388164591796474,0.9973022788544116,0,-2.694178391812319e-6,1.3500704048581406e-5
UKBB_FACES,lSalVentAttnA_FrMed_1,allcov,8.590185795893557e-4,0.0033016950693138813,0.9983477875623774,0.001,8.3435170200607e-6,9.439764610872041e-4
UKBB_FACES,lSalVentAttnB_PFCl_1,allcov,2.9802610229895046e-8,0.007984947647157181,0.9959995242734031,0,1.9935052200853787e-6,6.897299859059526e-8
UKBB_FACES,lSalVentAttnB_PFCmp_1,allcov,4.396210948132163e-13,0.01283183467977489,0.9935633675414085,0,-5.78361051704579e-6,5.495263685165204e-12
UKBB_FACES,lLimbicB_OFC_1,allcov,1.0277274489243087e-10,0.010472294332978915,0.994750071961305,0,1.6442137695647493e-5,6.423296555776929e-10
UKBB_FACES,lLimbicA_TempPole_1,allcov,1.485875963892821e-13,0.013298086770929585,0.9933287035161454,0,-2.1044371280676268e-5,2.9717519277856422e-12
UKBB_FACES,lLimbicA_TempPole_2,allcov,6.39692078013841e-5,0.0045223798730823495,0.9977362477763942,2e-4,1.4358125336346493e-5,7.615381881117155e-5
UKBB_FACES,lContA_IPS_1,allcov,2.410041355642043e-7,0.007055616584037638,0.9964659469424753,0,-7.906230426383347e-6,4.30364527793222e-7
UKBB_FACES,lContA_PFCl_1,allcov,1.736847894999027e-11,0.011244411268418464,0.9943619002815743,0,-2.3799328322104584e-6,1.1578985966660181e-10
UKBB_FACES,lContA_PFCl_2,allcov,1.0858966577109051e-7,0.007411035356891915,0.9962875913324979,0,9.306971877213856e-6,2.2060266388295533e-7
UKBB_FACES,lContB_PFClv_1,allcov,1.645334944477701e-9,0.00926099573513739,0.995358731445533,0,-8.403058233582455e-6,5.683176618925848e-9
UKBB_FACES,lContC_pCun_1,allcov,0.019992358611573693,0.0017473435593358122,0.999125946235341,0.0216,8.222042154919773e-6,0.020400365930177237
UKBB_FACES,lContC_pCun_2,allcov,0.016370972758983176,0.0018500611749396878,0.9990745411755112,0.0164,-3.5821962640236726e-6,0.016877291504106363
UKBB_FACES,lContC_Cingp_1,allcov,3.8013116541396173e-6,0.005815052611983895,0.9970882345048584,0,3.819188802889813e-6,5.430445220199453e-6
UKBB_FACES,lDefaultA_PFCd_1,allcov,2.4086733236945366e-7,0.007055870167826939,0.9964658197008944,0,7.369123879691455e-7,4.30364527793222e-7
UKBB_FACES,lDefaultA_pCunPCC_1,allcov,9.636473322698007e-7,0.0064345810667614245,0.9967775172691433,0,-6.1694352041560505e-6,1.5797497250324602e-6
UKBB_FACES,lDefaultA_PFCm_1,allcov,2.480183578179072e-10,0.01008845925219215,0.9949429836668061,0,-9.54189146419201e-6,1.2400917890895359e-9
UKBB_FACES,lDefaultB_Temp_1,allcov,1.751810873916613e-12,0.012236261476918253,0.9938630381109266,0,5.700687857766565e-6,1.459842394930511e-11
UKBB_FACES,lDefaultB_Temp_2,allcov,1.2437222846746986e-7,0.00735062495134442,0.9963179086258808,0,1.2260363315014703e-5,2.4386711464209776e-7
UKBB_FACES,lDefaultB_IPL_1,allcov,3.9951714965596405e-9,0.008871476345646112,0.9955543800588466,0,7.737135775291572e-6,1.1414775704456116e-8
UKBB_FACES,lDefaultB_PFCd_1,allcov,2.5837436616160735e-8,0.008048142086890753,0.9959677996366705,0,-1.0646477976383336e-6,6.151770622895413e-8
UKBB_FACES,lDefaultB_PFCl_1,allcov,9.189330715562596e-5,0.0043542915741503485,0.9978204790571549,0,2.0489608737028866e-5,1.0810977312426584e-4
UKBB_FACES,lDefaultB_PFCv_1,allcov,3.062258801820999e-5,0.004862486697021384,0.9975657939719955,0,1.593403941808971e-5,3.8762769643303786e-5
UKBB_FACES,lDefaultB_PFCv_2,allcov,1.205042678300669e-13,0.013388029709580307,0.99328342898209,0,1.2976981565501769e-6,2.9717519277856422e-12
UKBB_FACES,lDefaultC_Rsp_1,allcov,3.257327910839329e-7,0.006920975649259531,0.9965335038776878,0,-6.1872417821079755e-6,5.714610369893559e-7
UKBB_FACES,lDefaultC_PHC_1,allcov,1.542573205006142e-5,0.0051771686498254255,0.9974080565897655,0,-4.732991663498658e-6,2.0033418246833014e-5
UKBB_FACES,lTempPar_1,allcov,1.5625200280269183e-7,0.00724896188127,0.9963689267127563,0,6.9303204942248665e-6,2.893555607457256e-7
UKBB_FACES,rVisCent_ExStr_1,allcov,3.4711873067754776e-9,0.00893327681714906,0.9955233413551156,0,-2.1810191482034213e-6,1.0209374431692582e-8
UKBB_FACES,rVisCent_ExStr_2,allcov,1.341121324719793e-4,0.004178207178982762,0.9979087096628702,2e-4,-9.321053441852234e-6,1.5240015053634014e-4
UKBB_FACES,rVisCent_ExStr_3,allcov,6.16415994497159e-5,0.004539546520097026,0.9977276449411951,2e-4,-6.687596395129405e-6,7.540928528053134e-5
UKBB_FACES,rVisPeri_StriCal_1,allcov,4.073203354575832e-6,0.005783731973364237,0.9971039404328065,0,3.435221344102105e-6,5.736906133205396e-6
UKBB_FACES,rVisPeri_ExStrInf_1,allcov,1.3699409901999793e-5,0.005231464273147468,0.9973808378582661,0,3.2605310636363162e-6,1.8265879869333055e-5
UKBB_FACES,rVisPeri_ExStrSup_1,allcov,0.045805204461179694,0.0013118439875626775,0.9993438627481723,0.0462,5.382262512128935e-6,0.045805204461179694
UKBB_FACES,rSomMotA_1,allcov,9.763663930659624e-13,0.012488280122626372,0.9937362426103663,0,-1.0278412167835548e-5,8.876058118781477e-12
UKBB_FACES,rSomMotA_2,allcov,1.648121219488496e-9,0.00926025382203055,0.9953591041317549,0,1.4827502745837157e-5,5.683176618925848e-9
UKBB_FACES,rSomMotA_3,allcov,9.687249687705054e-10,0.009493086237257753,0.99524213825719,0,-7.189034672183121e-6,3.725865264501944e-9
UKBB_FACES,rSomMotA_4,allcov,1.661408936378512e-6,0.006189275925316484,0.9969005587693713,0,6.475159352253862e-6,2.595951463091425e-6
UKBB_FACES,rSomMotB_Aud_1,allcov,1.2725197609904208e-7,0.007340431484051724,0.996323024182392,0,-1.5844014780747668e-6,2.44715338652004e-7
UKBB_FACES,rSomMotB_S2_1,allcov,2.418569553087105e-8,0.008077371989189897,0.9959531254084271,0,-7.315312379563456e-6,5.898950129480743e-8
UKBB_FACES,rSomMotB_S2_2,allcov,3.577866702051998e-10,0.009928551314614564,0.9950233407741684,0,-5.1707147535699015e-6,1.626303046387272e-9
UKBB_FACES,rSomMotB_Cent_1,allcov,4.052253027763313e-8,0.007848829481262753,0.9960678543747582,0,-1.2421634149528547e-5,8.80924571252894e-8
UKBB_FACES,rDorsAttnA_TempOcc_1,allcov,6.290530308199359e-5,0.0045301482969863915,0.9977323547440049,0,-1.727945516523636e-5,7.578952178553446e-5
UKBB_FACES,rDorsAttnA_ParOcc_1,allcov,0.0016890793435887033,0.002976710806900762,0.9985105353440712,0.0014,6.65294965933077e-6,0.0017779782564091612
UKBB_FACES,rDorsAttnA_SPL_1,allcov,0.0014050954496102627,0.0030655558497671986,0.9984660455670146,0.0016,-8.499476573681534e-6,0.001494782393202407
UKBB_FACES,rDorsAttnB_PostC_1,allcov,7.090389543699309e-9,0.008619019515326398,0.995681164070444,0,-7.625394433017714e-6,1.818048600948541e-8
UKBB_FACES,rDorsAttnB_PostC_2,allcov,1.0570649676450381e-4,0.0042891459391014575,0.9978531224889233,0,-1.1715549776809346e-5,1.2291453112151605e-4
UKBB_FACES,rDorsAttnB_FEF_1,allcov,0.001331163877539363,0.003091589282307239,0.9984530087679108,0.0012,-2.304638793985275e-6,0.001431359008106842
UKBB_FACES,rSalVentAttnA_ParOper_1,allcov,4.553413946277388e-9,0.008813958514163334,0.995583266977622,0,-1.0891056095000897e-5,1.2306524179128075e-8
UKBB_FACES,rSalVentAttnA_Ins_1,allcov,3.281445686117317e-17,0.016889700716113287,0.991519187552055,0,-1.5942242343082658e-5,3.281445686117317e-15
UKBB_FACES,rSalVentAttnA_ParMed_1,allcov,5.6835512291376624e-5,0.004577122286280932,0.997708814090422,0,8.225090001841107e-7,7.104439036422079e-5
UKBB_FACES,rSalVentAttnA_FrMed_1,allcov,1.4586548323375005e-5,0.005202764857487385,0.9973952251452333,0,3.4580610003779384e-6,1.9192826741282905e-5
UKBB_FACES,rSalVentAttnB_IPL_1,allcov,6.567335628000302e-4,0.0034297801047946663,0.9982836369966249,0.0012,2.7498888202956706e-6,7.297039586667002e-4
UKBB_FACES,rSalVentAttnB_PFCl_1,allcov,4.198275365319315e-8,0.007833136498294646,0.9960757318104397,0,-6.4432390883953195e-6,8.932500777275139e-8
UKBB_FACES,rSalVentAttnB_PFCmp_1,allcov,4.3697951339511365e-9,0.00883206253874591,0.9955741747661258,0,-7.972631121111915e-6,1.2138319816530935e-8
UKBB_FACES,rLimbicB_OFC_1,allcov,1.9926081435939655e-9,0.009177002608486973,0.9954009229408596,0,-1.0009908661563626e-5,6.427768205141824e-9
UKBB_FACES,rLimbicA_TempPole_1,allcov,3.1508680124543925e-13,0.012975091097690683,0.9934912726855268,0,9.907208298081437e-6,4.501240017791989e-12
UKBB_FACES,rContA_IPS_1,allcov,9.910030372556548e-4,0.0032333005596255626,0.9983820408242394,6e-4,-5.27085023145312e-6,0.0010771772144083204
UKBB_FACES,rContA_PFCl_1,allcov,5.961809616942054e-10,0.009705466127675977,0.9951354349395501,0,-3.731945065876386e-7,2.484087340392523e-9
UKBB_FACES,rContA_PFCl_2,allcov,2.7586229476917107e-10,0.010042043720263183,0.9949663091179168,0,-6.098415712177816e-6,1.3136299750912907e-9
UKBB_FACES,rContB_Temp_1,allcov,3.4054810878162716e-7,0.006901080877546151,0.9965434858160752,0,1.4057520224404515e-5,5.871519116924606e-7
UKBB_FACES,rContB_IPL_1,allcov,3.6830944786948205e-8,0.007891162178160882,0.9960466042419089,0,1.0541115291336656e-5,8.184654397099601e-8
UKBB_FACES,rContB_PFCld_1,allcov,2.126357074923935e-6,0.006077906583948911,0.9969564150032052,0,-2.459798490453078e-6,3.126995698417552e-6
UKBB_FACES,rContB_PFClv_1,allcov,1.0469046507132694e-14,0.014434733740726124,0.9927563982464569,0,2.393956440097161e-5,3.4896821690442314e-13
UKBB_FACES,rContC_Cingp_1,allcov,6.183561393003571e-5,0.004538091291574675,0.9977283742123525,2e-4,-1.2308505038928624e-5,7.540928528053134e-5
UKBB_FACES,rContC_pCun_1,allcov,1.3188726043359423e-4,0.004186013750011597,0.9979047981896833,2e-4,6.765530754641917e-7,1.515945522225221e-4
UKBB_FACES,rDefaultA_IPL_1,allcov,2.650885874445873e-13,0.013049374584316098,0.9934538869095458,0,5.655301180409455e-6,4.4181431240764555e-12
UKBB_FACES,rDefaultA_PFCd_1,allcov,2.754747941309618e-9,0.009034835569717847,0.9954723323278679,0,3.0754919833993293e-6,8.608587316592557e-9
UKBB_FACES,rDefaultA_pCunPCC_1,allcov,1.7283522406675992e-6,0.006171456886032045,0.9969094959493411,0,9.062285974554332e-6,2.6187155161630293e-6
UKBB_FACES,rDefaultA_PFCm_1,allcov,2.1240085470891524e-10,0.01015606548156367,0.9949090081602622,0,3.839951416031436e-6,1.1178992353100803e-9
UKBB_FACES,rDefaultB_PFCd_1,allcov,6.503396258498784e-9,0.008657080178977483,0.9956620510097892,0,2.521625526560017e-7,1.711420068025996e-8
UKBB_FACES,rDefaultB_PFCv_1,allcov,1.3223478252213318e-6,0.006292161871752411,0.9968489545203169,0,3.3819790778347796e-6,2.0989648019386216e-6
UKBB_FACES,rDefaultB_PFCv_2,allcov,1.7031727645947346e-10,0.010252313437895455,0.9948606367537658,0,-1.1676493103124106e-5,9.462070914415192e-10
UKBB_FACES,rDefaultC_Rsp_1,allcov,2.9877398305924706e-5,0.004873822846379716,0.9975601120502048,0,-1.198320513690736e-5,3.8304356802467574e-5
UKBB_FACES,rDefaultC_PHC_1,allcov,9.12003404610313e-10,0.009519499701380774,0.9952288683004642,0,-5.776428431570226e-6,3.648013618441252e-9
UKBB_FACES,rTempPar_1,allcov,2.5123478173385815e-12,0.01208067130566115,0.9939413104878682,0,3.957901821194003e-6,1.932575244106601e-11
UKBB_FACES,rTempPar_2,allcov,7.238942236838444e-12,0.011623367760601244,0.9941713294193302,0,8.18325174581188e-6,5.1706730263131744e-11
UKBB_FACES,rTempPar_3,allcov,9.78089530788989e-8,0.007457558361820271,0.9962642428784545,0,-9.72249480409465e-6,2.0376865224770606e-7
